timestamp,student_name,essay_topic,college_name,degree,major,word_limit,questions_asked,user_answers,num_questions,input_tokens,output_tokens,total_tokens,personalized,session_type
2025-09-03 14:31:46, ,Describe your mid-term and long-term visions for your post-MSc Program in Management career path. What is it about ESADE you think will help you reach your goals?,ESADE university,MS,Innovation & Entrepreneurship,3000,"Considering your experience at [Company Name] and your [Academic] background, how did your vision for your post-MSc career path solidify, and how does ESADE uniquely equip you to achieve it? | Recalling a pivotal challenge at [Company Name], how did it illuminate your mid-term and long-term career visions, and why is ESADE's Innovation & Entrepreneurship program essential to achieving them? | Considering your [Academic] background and role at [Company Name],  imagine your ideal post-MSc career five and ten years from now; how does ESADE's program uniquely enable this vision? | Given your [Academic] background and role at [Company Name],  what specific skill gaps, hindering your  ""mid-term and long-term visions for your post-MSc Program in Management career path,"" will ESADE uniquely address? | Projecting five and ten years post-MSc, how will ESADE's Innovation & Entrepreneurship program uniquely empower your vision, given your experience at [Company Name] and your [Academic] background?",jnljndljkansjdlasmdnlksndfj | najksndkjdsfd | mmasnmds.fmdnscjkjsd fdsan nf | jwkqwjekwq;elwqjekwqe | 'akslkfdslkfdlkfdjnvjkdnl,5,4998,246,5244,YES - Using student profile,Interactive Q&A
2025-09-03 14:49:49,Student,Describe your mid-term and long-term visions for your post-MSc Program in Management career path. What is it about ESADE you think will help you reach your goals?,ESADE,MS,Innovation & Entrepreneurship,3000,"Considering your B.Com in Accounting and Finance and experience managing logistics at Shree Arihant Transport Company, how will ESADE's Innovation & Entrepreneurship program specifically shape your mid-term and long-term career vision? | Reflecting on your B.Com and Shree Arihant Transport experience, what specific problem within the Indian logistics sector ignites your entrepreneurial vision, and how would ESADE uniquely equip you to solve it? | Considering your B.Com and Shree Arihant Transport experience,  what specific obstacle in achieving your long-term vision for the Indian logistics sector requires the unique resources and network ESADE offers to overcome? | Considering your B.Com and Shree Arihant Transport experience, what specific skill gaps, hindering your vision for a tech-enabled logistics solution, will ESADE's program uniquely address to achieve your long-term career goals? | Considering your B.Com and Shree Arihant Transport experience,  how will ESADE's program uniquely position you to achieve your described mid-term and long-term career visions,  specifically addressing challenges you've encountered?","My B.Com in Accounting and Finance has given me a strong foundation in business fundamentals, while managing logistics at Shree Arihant Transport Company exposed me to operational challenges and opportunities for innovation. In the mid-term, ESADE’s Innovation & Entrepreneurship program will equip me with tools to design scalable business models, leverage technology for supply chain efficiency, and cultivate an entrepreneurial mindset. Long-term, I aim to launch a venture that modernizes logistics infrastructure in India, integrating sustainable practices and digital solutions. ESADE’s ecosystem of global peers, incubators, and mentorship will provide the strategic vision, network, and resources to translate my operational experience into impactful entrepreneurial leadership. | One of the biggest problems I observed in Indian logistics is the lack of digital integration across fragmented transport operators, leading to inefficiencies, delays, and high costs. My experience at Shree Arihant Transport highlighted how even mid-sized firms struggle with real-time tracking, optimized routing, and transparent data flow. This challenge drives my entrepreneurial vision to build a tech-enabled logistics platform that streamlines operations and enhances efficiency. ESADE’s Innovation & Entrepreneurship program will uniquely equip me with the knowledge to design scalable digital solutions, access to incubators to refine my business model, and exposure to global best practices that can be adapted to the Indian context. | A key obstacle in realizing my long-term vision for the Indian logistics sector is the challenge of scaling a tech-enabled solution across a highly fragmented market where adoption of digital tools remains limited. While I understand the operational inefficiencies from my experience at Shree Arihant Transport, transforming these insights into a scalable venture requires global exposure to innovative business models, access to venture ecosystems, and cross-cultural collaboration. ESADE’s unique resources—its Entrepreneurship Lab, startup incubator, and strong network of mentors and industry leaders—will equip me to bridge this gap. They will not only refine my strategy but also provide the partnerships and investor connections necessary to scale an impactful logistics enterprise in India. | While my B.Com and logistics management experience at Shree Arihant Transport gave me strong financial and operational insight, I recognize key skill gaps that hinder my ability to build a tech-enabled logistics venture. Specifically, I need expertise in entrepreneurial strategy, digital innovation, and venture financing to transform operational knowledge into a scalable business. ESADE’s Innovation & Entrepreneurship program will uniquely address these gaps through its emphasis on hands-on venture creation, courses in digital business models, and access to incubators and investors. These resources will equip me to design, fund, and scale a technology-driven logistics solution, enabling me to achieve my long-term goal of modernizing India’s logistics sector. | My B.Com provided me with financial and analytical foundations, while my role at Shree Arihant Transport exposed me to operational inefficiencies such as fragmented supply chains, lack of technology adoption, and limited scalability in logistics operations. These challenges shaped my mid-term goal of developing a tech-enabled logistics platform to streamline operations and my long-term vision of scaling it into a sustainable enterprise that modernizes India’s logistics sector. ESADE’s Innovation & Entrepreneurship program uniquely positions me to achieve this by offering hands-on exposure to venture creation, access to incubators and accelerators to refine solutions, and mentorship from global entrepreneurs who have scaled businesses across similar fragmented industries. Its ecosystem will not only provide the strategic frameworks and entrepreneurial skills I lack but also the network and investor connections necessary to overcome the structural barriers I have experienced firsthand.",5,7301,281,7582,YES - Using student profile,Interactive Q&A
2025-09-03 16:00:18,Student,Why do you want to pursue an MBA and how will it help achieve your career goals?,Harvard Business School,MBA,Business Administration,500,"Reflecting on your B.Com and Shree Arihant Transport experience, what specific unmet need or limitation revealed the crucial role of an MBA in achieving your ambitious career goals? | At Shree Arihant Transport, what single event crystallized your need for an MBA to achieve your career ambitions? | How did navigating the digital transformation challenge at Shree Arihant Transport Company solidify your conviction that an MBA is crucial for your career aspirations? | Given your B.Com and Shree Arihant Transport experience, what strategic leadership skill, crucial for your post-MBA goals, requires significant development? | As Harvard Business School's MBA will empower your vision, how will your post-MBA leadership at Shree Arihant Transport Company exemplify its impact?","I became interested in this field during my work at Shree Arihant Transport Company where I saw the need for modernization and efficiency improvements. | A specific challenge was implementing digital solutions in traditional logistics processes, which required learning new technologies while maintaining operational efficiency. | This experience taught me the importance of balancing innovation with practical implementation, especially in family-owned businesses. | I realized I need stronger analytical and strategic planning skills to successfully drive transformation initiatives in traditional industries. | In five years, I want to have successfully modernized our family business while applying these learnings to help other traditional companies embrace digital transformation.",5,6779,191,6970,YES - Using student profile,Interactive Q&A
2025-09-03 16:00:30,Student,Tell us about a time you faced a significant challenge,Stanford University,MS,Computer Science,650,"Reflecting on your B.Com and role at Shree Arihant Transport, what significant challenge fundamentally altered your approach to problem-solving, and how does this relate to your Stanford Computer Science application? | At Shree Arihant Transport, what single, defining logistical failure became a pivotal ""Tell us about a time you faced a significant challenge"" moment? | How did navigating the complexities of digitalizing Shree Arihant Transport’s operations fundamentally alter your understanding of ""Tell us about a time you faced a significant challenge""? | What crucial coding or algorithmic knowledge, lacking in your B.Com and Shree Arihant Transport experience, is essential to effectively narrate your ""Tell us about a time you faced a significant challenge"" essay for Stanford Computer Science? | How will your Stanford Computer Science education empower your vision for transforming Shree Arihant Transport Company, directly addressing a past ""Tell us about a time you faced a significant challenge"" narrative?","I became interested in this field during my work at Shree Arihant Transport Company where I saw the need for modernization and efficiency improvements. | A specific challenge was implementing digital solutions in traditional logistics processes, which required learning new technologies while maintaining operational efficiency. | This experience taught me the importance of balancing innovation with practical implementation, especially in family-owned businesses. | I realized I need stronger analytical and strategic planning skills to successfully drive transformation initiatives in traditional industries. | In five years, I want to have successfully modernized our family business while applying these learnings to help other traditional companies embrace digital transformation.",5,6528,251,6779,YES - Using student profile,Interactive Q&A
2025-09-03 16:03:12,Student,Why do you want to pursue an MBA and how will it help achieve your career goals?,Harvard Business School,MBA,Business Administration,500,"Reflecting on your B.Com and leadership at Shree Arihant Transport, how did your experiences specifically shape your ambition to pursue an MBA and what transformative impact do you envision it having on your career trajectory? | At Shree Arihant Transport, what specific problem revealed the limitations of your current skillset and ignited your desire for an MBA to overcome it? | At Shree Arihant Transport, what specific failure directly led you to re-evaluate your career path and embrace an MBA as the solution to achieving your goals? | What Harvard Business School MBA-specific knowledge or skill, currently lacking, is crucial to your vision of transforming Shree Arihant Transport Company? | Imagine Shree Arihant Transport five years post-MBA:  what specific, measurable impact will your Harvard MBA have on its operations?","I became interested in this field during my work at Shree Arihant Transport Company where I saw the need for modernization and efficiency improvements. | A specific challenge was implementing digital solutions in traditional logistics processes, which required learning new technologies while maintaining operational efficiency. | This experience taught me the importance of balancing innovation with practical implementation, especially in family-owned businesses. | I realized I need stronger analytical and strategic planning skills to successfully drive transformation initiatives in traditional industries. | In five years, I want to have successfully modernized our family business while applying these learnings to help other traditional companies embrace digital transformation.",5,6843,204,7047,YES - Using student profile,Interactive Q&A
2025-09-03 16:05:57,Student,Why do you want to pursue an MBA and how will it help achieve your career goals?,Harvard Business School,MBA,Business Administration,500,"Reflecting on your B.Com and leadership at Shree Arihant Transport, how will an MBA specifically propel your career aspirations? | At Shree Arihant Transport, what specific experience crystallized your need for an MBA to achieve your career ambitions? | Facing Shree Arihant Transport's digitalization challenge, how did overcoming this obstacle solidify your MBA pursuit and its role in your future career? | What crucial leadership or strategic thinking skill, lacking from your Shree Arihant Transport experience, will an HBS MBA uniquely provide to propel your career? | Five years post-HBS, how will your MBA, informed by your Shree Arihant Transport experience, demonstrably impact the Indian logistics sector?","I became interested in this field during my work at Shree Arihant Transport Company where I saw the need for modernization and efficiency improvements. | A specific challenge was implementing digital solutions in traditional logistics processes, which required learning new technologies while maintaining operational efficiency. | This experience taught me the importance of balancing innovation with practical implementation, especially in family-owned businesses. | I realized I need stronger analytical and strategic planning skills to successfully drive transformation initiatives in traditional industries. | In five years, I want to have successfully modernized our family business while applying these learnings to help other traditional companies embrace digital transformation.",5,6719,175,6894,YES - Using student profile,Interactive Q&A
2025-09-03 16:17:08,Student,Describe your mid-term and long-term visions for your post-MSc Program in Management career path. What is it about ESADE you think will help you reach your goals?,ESADE,MS,innovation and enterprenuership,3000,"How will ESADE's innovation and entrepreneurship focus uniquely equip you, leveraging your B.Com and Shree Arihant experience, to achieve your envisioned mid- and long-term career goals? | What single experience at Shree Arihant Transport Company crystallized your vision for your post-MSc career, and how will ESADE uniquely support its realization? | What unforeseen obstacle at Shree Arihant Transport Company forced you to re-evaluate your  mid-term and long-term career visions, and how will ESADE help you overcome similar future challenges? | What specific ESADE resource will best bridge your existing logistics expertise from Shree Arihant Transport and your  post-MSc career vision? | How will ESADE's resources uniquely accelerate your post-MSc vision – leveraging your Shree Arihant experience – to achieve measurable impact within five years?","My B.Com in Accounting and Finance equipped me with a strong grounding in business fundamentals, while my experience managing logistics at Shree Arihant Transport gave me first-hand insight into the operational inefficiencies and technological gaps within India’s logistics sector. These experiences shaped my mid-term goal of building a scalable, tech-enabled logistics platform and my long-term vision of modernizing supply chains across India through sustainable and data-driven solutions. ESADE’s strong focus on innovation and entrepreneurship will uniquely prepare me to achieve these goals by sharpening my ability to design disruptive business models, exposing me to global best practices, and connecting me with mentors and peers who have successfully scaled ventures in fragmented industries. The program’s entrepreneurial ecosystem, including its incubators and investor networks, will help me translate my operational knowledge into an impactful venture that addresses the challenges I have encountered | At Shree Arihant Transport Company, I managed a shipment where delays spiraled because multiple operators relied on manual updates and siloed systems. Experiencing how this lack of digital integration directly hurt efficiency crystallized my vision to create a tech-enabled logistics platform for India. ESADE’s Innovation & Entrepreneurship program will uniquely support this by giving me hands-on exposure to venture creation, access to its incubators to refine my solution, and a global network of mentors and investors to scale it into a sustainable enterprise. | While overseeing operations at Shree Arihant Transport Company, I faced an unforeseen obstacle when a sudden regulatory change disrupted cross-state shipments, exposing how vulnerable logistics operations are to external uncertainties and the lack of adaptive systems. This forced me to re-evaluate my mid-term vision—not just to digitize logistics processes, but to design resilient, technology-driven solutions that can adapt to regulatory, infrastructural, and market shocks. It also reshaped my long-term career goal of leading a venture that builds a more transparent, flexible, and sustainable logistics ecosystem in India. ESADE’s Innovation & Entrepreneurship program will help me overcome such future challenges by training me to think strategically under uncertainty, exposing me to global case studies of disruption, and providing access to entrepreneurial labs and mentors who can guide me in building scalable, adaptable business models. | The ESADE Entrepreneurship Institute and its associated incubator will be the most critical resource in bridging my logistics expertise with my post-MSc career vision. While my experience at Shree Arihant Transport gave me deep insight into operational inefficiencies, I need structured guidance to translate these learnings into a scalable, tech-driven venture. ESADE’s incubator will provide the mentorship, investor access, and hands-on environment to refine my business model, test innovative solutions, and ultimately transform my operational experience into a sustainable logistics enterprise. | My experience at Shree Arihant Transport exposed me to the inefficiencies caused by fragmented logistics operations and limited digital adoption, inspiring my post-MSc vision of building a tech-enabled platform that streamlines supply chains in India. Within five years, I aim to scale this venture to deliver measurable impact in the form of reduced delivery times, improved cost efficiency, and greater transparency for mid-sized logistics firms. ESADE’s resources—particularly the Entrepreneurship Institute, its startup incubator, and access to mentors and investors—will uniquely accelerate this journey by helping me refine my business model, secure early-stage funding, and test scalable solutions in real-world markets. By combining my operational expertise with ESADE’s entrepreneurial ecosystem, I will be positioned to transform logistics inefficiencies into measurable, technology-driven improvements.",5,9519,209,9728,YES - Using student profile,Interactive Q&A
2025-09-04 15:09:54,Student,"The MSPP program is an intensive one-year degree that requires students to be enrolled from August to August, enabling them to complete the program within a single year. Why are you interested in completing a one-year program? Share examples of how you plan to excel in this accelerated learning format (eg.; academic or professional achievements, unique qualities, strengths, etc). Additionally, share how you plan to contribute to the cohort and community at Wagner during the program?",NYU wagner,MS,public policy,500,"Considering your 93% GPA and leadership in Enactus, how will the accelerated MSPP format best leverage your strengths to achieve your policy goals? | What single experience at Shree Arihant Transport solidified your commitment to the MSPP's accelerated format? | How did navigating challenges at Shree Arihant Transport prepare you for the MSPP's accelerated pace and collaborative environment? | What specific knowledge, lacking from your B.Com and Shree Arihant experience, will the MSPP’s accelerated format uniquely provide to propel your policy ambitions? | How will the MSPP's accelerated format uniquely position you, leveraging your B.Com and Shree Arihant experience, to achieve a significant policy impact within five years?","Earning a 93% GPA reflects my ability to thrive in rigorous academic environments, while my leadership in Enactus strengthened my capacity to mobilize teams and design impact-driven initiatives. These strengths position me well for the accelerated MSPP format, which demands both intellectual discipline and the ability to apply ideas in practice. The program’s intensity will allow me to quickly translate my academic and leadership capabilities into policy-relevant skills, enabling me to design and advocate for solutions that address systemic challenges more effectively. By combining my proven work ethic with the MSPP’s immersive training, I will be equipped to achieve my policy goals in a shorter, more impactful timeframe. | While managing operations at Shree Arihant Transport, I faced a crisis when a major shipment was delayed due to regulatory and coordination failures across multiple stakeholders. The urgency of problem-solving in that moment made me realize the importance of being able to rapidly analyze policies, design solutions, and implement them under pressure. This experience solidified my commitment to the MSPP’s accelerated format, as its intensive structure mirrors the fast-paced decision-making environment I encountered and will equip me to translate real-world challenges into actionable, time-sensitive policy solutions. | At Shree Arihant Transport, I often had to coordinate with multiple stakeholders—drivers, clients, and regulators—while addressing unforeseen disruptions such as delays or compliance issues. Navigating these challenges required me to work under tight deadlines, manage competing priorities, and collaborate effectively across diverse teams to keep operations running smoothly. These experiences mirror the accelerated pace and collaborative environment of the MSPP, where quick problem-solving and teamwork are essential. They have prepared me not only to thrive in a fast-moving academic setting but also to contribute meaningfully to group projects and policy discussions. | My B.Com equipped me with financial and analytical skills, while my logistics management experience at Shree Arihant Transport deepened my operational and problem-solving abilities. However, I lacked formal training in policy design, regulatory analysis, and evidence-based evaluation—skills essential for translating real-world challenges into effective policy solutions. The MSPP’s accelerated format will uniquely provide this knowledge by immersing me in rigorous policy frameworks, quantitative tools, and case-based learning within a condensed, high-intensity structure. This combination of speed and depth will allow me to quickly bridge my practical experience with policy expertise, directly propelling my ambition to design scalable solutions for systemic challenges. | My B.Com gave me a strong analytical foundation, and my experience at Shree Arihant Transport exposed me to systemic inefficiencies shaped by regulatory and infrastructural gaps. While these experiences built my problem-solving mindset, I need the ability to translate such operational challenges into policy solutions that scale. The MSPP’s accelerated format will uniquely position me to do this by equipping me with rigorous policy analysis skills, immersive case-based learning, and collaborative problem-solving in a condensed timeframe. Within five years, this training will enable me to design and advocate policies that enhance supply chain transparency and efficiency, creating measurable impact in India’s logistics sector.",5,12468,181,12649,YES - Using student profile,Interactive Q&A
2025-09-05 12:06:27,MANAVADITYA,Why do you want to pursue an MBA and how will it help achieve your career goals?,Harvard Business School,MBA,Business Administration,500,"Manavaditya,  reflecting on your Khelo India experience, what specific realization solidified your desire for an MBA and its role in your future career aspirations? | Manavaditya,  what specific insight gained from your Khelo India experience at NIL directly informs your pursuit of an MBA and its role in your future career? | ❌ Error with Gemini API: 429 You exceeded your current quota, please check your plan and billing details. For more information on this error, head to: https://ai.google.dev/gemini-api/docs/rate-limits. [violations {
  quota_metric: ""generativelanguage.googleapis.com/generate_content_free_tier_requests""
  quota_id: ""GenerateRequestsPerDayPerProjectPerModel-FreeTier""
  quota_dimensions {
    key: ""model""
    value: ""gemini-1.5-flash""
  }
  quota_dimensions {
    key: ""location""
    value: ""global""
  }
  quota_value: 50
}
, links {
  description: ""Learn more about Gemini API quotas""
  url: ""https://ai.google.dev/gemini-api/docs/rate-limits""
}
, retry_delay {
  seconds: 34
}
] | ❌ Error with Gemini API: 429 You exceeded your current quota, please check your plan and billing details. For more information on this error, head to: https://ai.google.dev/gemini-api/docs/rate-limits. [violations {
  quota_metric: ""generativelanguage.googleapis.com/generate_content_free_tier_requests""
  quota_id: ""GenerateRequestsPerDayPerProjectPerModel-FreeTier""
  quota_dimensions {
    key: ""model""
    value: ""gemini-1.5-flash""
  }
  quota_dimensions {
    key: ""location""
    value: ""global""
  }
  quota_value: 50
}
, links {
  description: ""Learn more about Gemini API quotas""
  url: ""https://ai.google.dev/gemini-api/docs/rate-limits""
}
, retry_delay {
  seconds: 33
}
] | ❌ Error with Gemini API: 429 You exceeded your current quota, please check your plan and billing details. For more information on this error, head to: https://ai.google.dev/gemini-api/docs/rate-limits. [violations {
  quota_metric: ""generativelanguage.googleapis.com/generate_content_free_tier_requests""
  quota_id: ""GenerateRequestsPerDayPerProjectPerModel-FreeTier""
  quota_dimensions {
    key: ""model""
    value: ""gemini-1.5-flash""
  }
  quota_dimensions {
    key: ""location""
    value: ""global""
  }
  quota_value: 50
}
, links {
  description: ""Learn more about Gemini API quotas""
  url: ""https://ai.google.dev/gemini-api/docs/rate-limits""
}
, retry_delay {
  seconds: 32
}
]","I became interested in this field during my work at NIL where I saw opportunities for improvement and innovation. | A specific challenge was navigating complex processes in , which required developing new skills and approaches. | This experience taught me the importance of balancing theoretical knowledge with practical implementation. | I realized I need stronger analytical and strategic thinking skills to successfully drive meaningful change in my field. | In five years, I want to have successfully implemented my vision and applied these learnings to create broader positive impact.",5,2295,80,2375,YES - Using student profile,Interactive Q&A
2025-09-05 15:01:18,Student,Why do you want to pursue an MBA and how will it help achieve your career goals?,Harvard Business School,MBA,Business Administration,500,"Reflecting on your experience at  and your aspiration for  , what specific professional limitations revealed the crucial need for an MBA to achieve your career goals? | At  , what specific project failure unexpectedly clarified your need for an MBA to achieve your career aspirations? | How did navigating complex processes at  reveal the MBA's crucial role in achieving your career aspirations? | What specific Harvard Business School MBA course would best address the theoretical knowledge gap you identified while navigating complex processes at ? | Projecting five years post-Harvard MBA, how will your enhanced analytical and strategic thinking directly impact your career trajectory at ?","I became interested in this field during my work at  where I saw opportunities for improvement and innovation. | A specific challenge was navigating complex processes in , which required developing new skills and approaches. | This experience taught me the importance of balancing theoretical knowledge with practical implementation. | I realized I need stronger analytical and strategic thinking skills to successfully drive meaningful change in my field. | In five years, I want to have successfully implemented my vision and applied these learnings to create broader positive impact.",5,6200,170,6370,YES - Using student profile,Interactive Q&A
2025-09-05 15:08:49,MANAVADITYA,Why do you want to pursue an MBA and how will it help achieve your career goals?,Harvard Business School,MBA,Business Administration,500,"Considering your CBSE background and NIL internship,  what unmet ambition necessitates an MBA to achieve your career aspirations? | At NIL, what specific experience revealed the limitations of your current skillset and ignited your desire for an MBA to achieve your career goals? | At NIL, how did overcoming a specific process challenge directly inform your decision to pursue an MBA at Harvard Business School? | Manavaditya,  what Harvard Business School MBA-specific knowledge would catapult your NIL internship learnings into impactful, future career success? | Manavaditya,  how will a Harvard MBA specifically empower your post-NIL career to achieve a demonstrably greater impact?","I became interested in this field during my work at NIL where I saw opportunities for improvement and innovation. | A specific challenge was navigating complex processes in , which required developing new skills and approaches. | This experience taught me the importance of balancing theoretical knowledge with practical implementation. | I realized I need stronger analytical and strategic thinking skills to successfully drive meaningful change in my field. | In five years, I want to have successfully implemented my vision and applied these learnings to create broader positive impact.",5,6310,168,6478,YES - Using student profile,Interactive Q&A
